url,method,req_headers,req_hash,resp_headers,resp_hash,status
http://web/media/system/js/core.js?7367cfbd6ae026658e4994edad8f7ec1,GET,"Cookie:9d4bb4a09f511681369671a08beff228=f28280943223bf9dbfd9284c8045f799
Accept:*/*
User-Agent:Mozilla/5.0 (X11; Linux x86_64) AppleWebKit/537.36 (KHTML, like Gecko) Chrome/85.0.4183.102 Safari/537.36
Referer:http://web/installation/index.php
",cf83e1357eefb8bdf1542850d66d8007d620e4050b5715dc83f4a921d36ce9ce47d0d13c5d85f2b0ff8318d2877eec2f63b931bd47417a81a538327af927da3e,"Keep-Alive:timeout=5, max=99
Server:Apache/2.4.25 (Debian)
Connection:Keep-Alive
Last-Modified:Mon, 06 May 2019 20:34:16 GMT
Date:Mon, 11 May 2026 20:48:42 GMT
Accept-Ranges:bytes
ETag:""2268-5883e06252200-gzip""
Content-Encoding:gzip
Vary:Accept-Encoding
Content-Length:3367
Content-Type:application/javascript
",44c15f0837480cf8997584be8c62f5198a53b4b8d0561158102e1489884f7bb7d8741062085acd46ca4451cbd3d0a9657366615789d457329b709eff24c1398d,200
http://web/,GET,"Cookie:9d4bb4a09f511681369671a08beff228=f28280943223bf9dbfd9284c8045f799
Accept:text/html,application/xhtml+xml,application/xml;q=0.9,image/avif,image/webp,image/apng,*/*;q=0.8,application/signed-exchange;v=b3;q=0.9
User-Agent:Mozilla/5.0 (X11; Linux x86_64) AppleWebKit/537.36 (KHTML, like Gecko) Chrome/85.0.4183.102 Safari/537.36
Upgrade-Insecure-Requests:1
",cf83e1357eefb8bdf1542850d66d8007d620e4050b5715dc83f4a921d36ce9ce47d0d13c5d85f2b0ff8318d2877eec2f63b931bd47417a81a538327af927da3e,"Keep-Alive:timeout=5, max=93
Server:Apache/2.4.25 (Debian)
Connection:Keep-Alive
Date:Mon, 11 May 2026 20:48:54 GMT
Content-Length:52
X-Powered-By:PHP/7.1.29
Location:installation/index.php
Content-Type:text/html; charset=UTF-8
",cf83e1357eefb8bdf1542850d66d8007d620e4050b5715dc83f4a921d36ce9ce47d0d13c5d85f2b0ff8318d2877eec2f63b931bd47417a81a538327af927da3e,302
http://web/installation/index.php,POST,"Origin:http://web
Cookie:9d4bb4a09f511681369671a08beff228=f28280943223bf9dbfd9284c8045f799
Accept:application/json, text/javascript, */*; q=0.01
X-Requested-With:XMLHttpRequest
User-Agent:Mozilla/5.0 (X11; Linux x86_64) AppleWebKit/537.36 (KHTML, like Gecko) Chrome/85.0.4183.102 Safari/537.36
Referer:http://web/installation/index.php
Content-Type:application/x-www-form-urlencoded; charset=UTF-8
",7b8e4db3de709ad33cf624ebaec5bd5eaa6247a3051a6aad53a7904c753614272961388925efde56b812b7c70ec12adba2ec07061cfd41c63d67bd8f9b5d53d7,"Keep-Alive:timeout=5, max=98
Server:Apache/2.4.25 (Debian)
Connection:Keep-Alive
Last-Modified:Mon, 11 May 2026 20:49:04 GMT
Pragma:no-cache
Date:Mon, 11 May 2026 20:49:04 GMT
Cache-Control:no-store, no-cache, must-revalidate, post-check=0, pre-check=0
Content-Encoding:gzip
Vary:Accept-Encoding
Expires:Wed, 17 Aug 2005 00:00:00 GMT
Content-Length:4825
X-Powered-By:PHP/7.1.29
Content-Type:text/html; charset=utf-8
",6004e0feee671e6f7bf2934faa44177f4b8a4009e96d280842f2927218656e77e996f8499850a5a010a5792a730256b9450504ea03537bc5c005c7cf447d6c33,200
http://web/installation/index.php?tmpl=body&view=site,GET,"Cookie:9d4bb4a09f511681369671a08beff228=f28280943223bf9dbfd9284c8045f799
Accept:text/html, */*; q=0.01
X-Requested-With:XMLHttpRequest
User-Agent:Mozilla/5.0 (X11; Linux x86_64) AppleWebKit/537.36 (KHTML, like Gecko) Chrome/85.0.4183.102 Safari/537.36
Referer:http://web/installation/index.php
",cf83e1357eefb8bdf1542850d66d8007d620e4050b5715dc83f4a921d36ce9ce47d0d13c5d85f2b0ff8318d2877eec2f63b931bd47417a81a538327af927da3e,"Keep-Alive:timeout=5, max=95
Server:Apache/2.4.25 (Debian)
Connection:Keep-Alive
Last-Modified:Mon, 11 May 2026 20:48:52 GMT
Pragma:no-cache
Date:Mon, 11 May 2026 20:48:52 GMT
Cache-Control:no-store, no-cache, must-revalidate, post-check=0, pre-check=0
Content-Encoding:gzip
Vary:Accept-Encoding
Expires:Wed, 17 Aug 2005 00:00:00 GMT
Content-Length:3240
X-Powered-By:PHP/7.1.29
Content-Type:text/html; charset=utf-8
",b9c71f19a9268f67696e1830af5e8c9bd1ed8e269baaab9bf1c3e76d2fd72e5d7f876c89745950f2902f214b868b13af459b9ac83332aa5341081273178221ca,200
http://web/,GET,"Cookie:9d4bb4a09f511681369671a08beff228=f28280943223bf9dbfd9284c8045f799
Accept:text/html,application/xhtml+xml,application/xml;q=0.9,image/avif,image/webp,image/apng,*/*;q=0.8,application/signed-exchange;v=b3;q=0.9
User-Agent:Mozilla/5.0 (X11; Linux x86_64) AppleWebKit/537.36 (KHTML, like Gecko) Chrome/85.0.4183.102 Safari/537.36
Upgrade-Insecure-Requests:1
",cf83e1357eefb8bdf1542850d66d8007d620e4050b5715dc83f4a921d36ce9ce47d0d13c5d85f2b0ff8318d2877eec2f63b931bd47417a81a538327af927da3e,"Keep-Alive:timeout=5, max=91
Server:Apache/2.4.25 (Debian)
Connection:Keep-Alive
Date:Mon, 11 May 2026 20:48:44 GMT
Content-Length:52
X-Powered-By:PHP/7.1.29
Location:installation/index.php
Content-Type:text/html; charset=UTF-8
",cf83e1357eefb8bdf1542850d66d8007d620e4050b5715dc83f4a921d36ce9ce47d0d13c5d85f2b0ff8318d2877eec2f63b931bd47417a81a538327af927da3e,302
http://web/media/jui/css/bootstrap-extended.css?1fbd133c957c0ccd93d5fc3cd9103b76,GET,"Cookie:9d4bb4a09f511681369671a08beff228=f28280943223bf9dbfd9284c8045f799
Accept:text/css,*/*;q=0.1
User-Agent:Mozilla/5.0 (X11; Linux x86_64) AppleWebKit/537.36 (KHTML, like Gecko) Chrome/85.0.4183.102 Safari/537.36
Referer:http://web/installation/index.php
",cf83e1357eefb8bdf1542850d66d8007d620e4050b5715dc83f4a921d36ce9ce47d0d13c5d85f2b0ff8318d2877eec2f63b931bd47417a81a538327af927da3e,"Keep-Alive:timeout=5, max=100
Server:Apache/2.4.25 (Debian)
Connection:Keep-Alive
Last-Modified:Mon, 06 May 2019 20:34:16 GMT
Date:Mon, 11 May 2026 20:49:02 GMT
Accept-Ranges:bytes
ETag:""2386-5883e06252200-gzip""
Content-Encoding:gzip
Vary:Accept-Encoding
Content-Length:2217
Content-Type:text/css
",f9172062f164f5d88a28d10b09e77fa1e668489523273ee187185bf6e2a73a2fbd3cdc9665ada844856099b9490c4a61835555c96934888d1eb9a9620f36a38c,200
http://web/media/jui/js/bootstrap.min.js?7367cfbd6ae026658e4994edad8f7ec1,GET,"Cookie:9d4bb4a09f511681369671a08beff228=f28280943223bf9dbfd9284c8045f799
Accept:*/*
User-Agent:Mozilla/5.0 (X11; Linux x86_64) AppleWebKit/537.36 (KHTML, like Gecko) Chrome/85.0.4183.102 Safari/537.36
Referer:http://web/installation/index.php
",cf83e1357eefb8bdf1542850d66d8007d620e4050b5715dc83f4a921d36ce9ce47d0d13c5d85f2b0ff8318d2877eec2f63b931bd47417a81a538327af927da3e,"Keep-Alive:timeout=5, max=97
Server:Apache/2.4.25 (Debian)
Connection:Keep-Alive
Last-Modified:Mon, 06 May 2019 20:34:16 GMT
Date:Mon, 11 May 2026 20:48:42 GMT
Accept-Ranges:bytes
ETag:""71c6-5883e06252200-gzip""
Content-Encoding:gzip
Vary:Accept-Encoding
Content-Length:7747
Content-Type:application/javascript
",6e8c4c30f5b7f6b25309763f5442f50cc427f846955fbdb700f84354961a26adee892ec8b923d3e0284eda5bf49879ba7776cc50d38315ac5adb4ce38d9bf173,200
http://web/installation/index.php,POST,"Origin:http://web
Cookie:9d4bb4a09f511681369671a08beff228=f28280943223bf9dbfd9284c8045f799
Accept:application/json, text/javascript, */*; q=0.01
X-Requested-With:XMLHttpRequest
User-Agent:Mozilla/5.0 (X11; Linux x86_64) AppleWebKit/537.36 (KHTML, like Gecko) Chrome/85.0.4183.102 Safari/537.36
Referer:http://web/installation/index.php
Content-Type:application/x-www-form-urlencoded; charset=UTF-8
",d4c1b6e8f3b638ec82c5caac5e0770d5d27d1dcfd9082a3c8996e337e2f0358d09c2ae345600bd7d77627aa0d55d19104051d5a507dbfd1d55c485db1ec2b27c,"Keep-Alive:timeout=5, max=94
Server:Apache/2.4.25 (Debian)
Connection:Keep-Alive
Last-Modified:Mon, 11 May 2026 20:48:53 GMT
Pragma:no-cache
Date:Mon, 11 May 2026 20:48:53 GMT
Cache-Control:no-store, no-cache, must-revalidate, post-check=0, pre-check=0
Content-Encoding:gzip
Vary:Accept-Encoding
Expires:Wed, 17 Aug 2005 00:00:00 GMT
Content-Length:4826
X-Powered-By:PHP/7.1.29
Content-Type:text/html; charset=utf-8
",cdd95aea9703e501153db28820fb6a03a5e9828f23bc6d1406c8a736751345eb3a8350c9c2f78ff06ed965bd0a4ffea868a71ba18fb62a6bdeabfbc5a4732b51,200
http://web/media/jui/css/bootstrap-responsive.min.css?1fbd133c957c0ccd93d5fc3cd9103b76,GET,"Cookie:9d4bb4a09f511681369671a08beff228=f28280943223bf9dbfd9284c8045f799
Accept:text/css,*/*;q=0.1
User-Agent:Mozilla/5.0 (X11; Linux x86_64) AppleWebKit/537.36 (KHTML, like Gecko) Chrome/85.0.4183.102 Safari/537.36
Referer:http://web/installation/index.php
",cf83e1357eefb8bdf1542850d66d8007d620e4050b5715dc83f4a921d36ce9ce47d0d13c5d85f2b0ff8318d2877eec2f63b931bd47417a81a538327af927da3e,"Keep-Alive:timeout=5, max=99
Server:Apache/2.4.25 (Debian)
Connection:Keep-Alive
Last-Modified:Mon, 06 May 2019 20:34:16 GMT
Date:Mon, 11 May 2026 20:49:02 GMT
Accept-Ranges:bytes
ETag:""4135-5883e06252200-gzip""
Content-Encoding:gzip
Vary:Accept-Encoding
Content-Length:3947
Content-Type:text/css
",25c42bb76fe0a571ae6412ba205f473b1dcab20add2358a16f74537bd4dbd4255f199961f3c5dae9ee07c9991df2413d9cb2e896361bc153e7988b1416753e11,200
http://web/installation/index.php,GET,"Cookie:9d4bb4a09f511681369671a08beff228=f28280943223bf9dbfd9284c8045f799
Accept:text/html,application/xhtml+xml,application/xml;q=0.9,image/avif,image/webp,image/apng,*/*;q=0.8,application/signed-exchange;v=b3;q=0.9
User-Agent:Mozilla/5.0 (X11; Linux x86_64) AppleWebKit/537.36 (KHTML, like Gecko) Chrome/85.0.4183.102 Safari/537.36
Upgrade-Insecure-Requests:1
",cf83e1357eefb8bdf1542850d66d8007d620e4050b5715dc83f4a921d36ce9ce47d0d13c5d85f2b0ff8318d2877eec2f63b931bd47417a81a538327af927da3e,"Keep-Alive:timeout=5, max=90
Server:Apache/2.4.25 (Debian)
Connection:Keep-Alive
Last-Modified:Mon, 11 May 2026 20:48:45 GMT
Pragma:no-cache
Date:Mon, 11 May 2026 20:48:45 GMT
Cache-Control:no-store, no-cache, must-revalidate, post-check=0, pre-check=0
Content-Encoding:gzip
Vary:Accept-Encoding
Expires:Wed, 17 Aug 2005 00:00:00 GMT
Content-Length:4823
X-Powered-By:PHP/7.1.29
Content-Type:text/html; charset=utf-8
",62416425251e0496113fe2eeea28555841956a87df11d2eb8edb78b981a6ac6ca6930846f5f4f375c0d5c6864ec4e45847e2335b60768cacaa6425db9163edec,200
http://web/media/jui/images/ajax-loader.gif,GET,"Cookie:9d4bb4a09f511681369671a08beff228=f28280943223bf9dbfd9284c8045f799
Accept:image/avif,image/webp,image/apng,image/*,*/*;q=0.8
User-Agent:Mozilla/5.0 (X11; Linux x86_64) AppleWebKit/537.36 (KHTML, like Gecko) Chrome/85.0.4183.102 Safari/537.36
Referer:http://web/installation/index.php
",cf83e1357eefb8bdf1542850d66d8007d620e4050b5715dc83f4a921d36ce9ce47d0d13c5d85f2b0ff8318d2877eec2f63b931bd47417a81a538327af927da3e,"Server:Apache/2.4.25 (Debian)
Last-Modified:Mon, 06 May 2019 20:34:16 GMT
Date:Mon, 11 May 2026 20:48:46 GMT
Accept-Ranges:bytes
ETag:""26cd-5883e06252200""
Content-Length:9933
Content-Type:image/gif
",30f5d889918467fc4415c1b8d62ed1141de045be3a429d9b1e596e416d0a8f0f0923c8be765d877bdf91fd3b75c4538a777f309dbd5025e968a3c40fb131e114,200
http://web/,GET,"Cookie:9d4bb4a09f511681369671a08beff228=f28280943223bf9dbfd9284c8045f799
Accept:text/html,application/xhtml+xml,application/xml;q=0.9,image/avif,image/webp,image/apng,*/*;q=0.8,application/signed-exchange;v=b3;q=0.9
User-Agent:Mozilla/5.0 (X11; Linux x86_64) AppleWebKit/537.36 (KHTML, like Gecko) Chrome/85.0.4183.102 Safari/537.36
Upgrade-Insecure-Requests:1
",cf83e1357eefb8bdf1542850d66d8007d620e4050b5715dc83f4a921d36ce9ce47d0d13c5d85f2b0ff8318d2877eec2f63b931bd47417a81a538327af927da3e,"Keep-Alive:timeout=5, max=87
Server:Apache/2.4.25 (Debian)
Connection:Keep-Alive
Date:Mon, 11 May 2026 20:48:59 GMT
Content-Length:52
X-Powered-By:PHP/7.1.29
Location:installation/index.php
Content-Type:text/html; charset=UTF-8
",cf83e1357eefb8bdf1542850d66d8007d620e4050b5715dc83f4a921d36ce9ce47d0d13c5d85f2b0ff8318d2877eec2f63b931bd47417a81a538327af927da3e,302
http://web/installation/index.php,GET,"Cookie:9d4bb4a09f511681369671a08beff228=f28280943223bf9dbfd9284c8045f799
Accept:text/html,application/xhtml+xml,application/xml;q=0.9,image/avif,image/webp,image/apng,*/*;q=0.8,application/signed-exchange;v=b3;q=0.9
User-Agent:Mozilla/5.0 (X11; Linux x86_64) AppleWebKit/537.36 (KHTML, like Gecko) Chrome/85.0.4183.102 Safari/537.36
Upgrade-Insecure-Requests:1
",cf83e1357eefb8bdf1542850d66d8007d620e4050b5715dc83f4a921d36ce9ce47d0d13c5d85f2b0ff8318d2877eec2f63b931bd47417a81a538327af927da3e,"Keep-Alive:timeout=5, max=84
Server:Apache/2.4.25 (Debian)
Connection:Keep-Alive
Last-Modified:Mon, 11 May 2026 20:49:02 GMT
Pragma:no-cache
Date:Mon, 11 May 2026 20:49:02 GMT
Cache-Control:no-store, no-cache, must-revalidate, post-check=0, pre-check=0
Content-Encoding:gzip
Vary:Accept-Encoding
Expires:Wed, 17 Aug 2005 00:00:00 GMT
Content-Length:4825
X-Powered-By:PHP/7.1.29
Content-Type:text/html; charset=utf-8
",5f2b46b0d17d51b93b072d73e2b1d82504c606d7b6b715b27b1f8eed592f0ad67312c0ab21cebc9f53b2e8f75a4ec5e539b95521fff6fe7b2126c6f6e3dbcd5c,200
http://web/media/jui/css/chosen.css?1fbd133c957c0ccd93d5fc3cd9103b76,GET,"Cookie:9d4bb4a09f511681369671a08beff228=f28280943223bf9dbfd9284c8045f799
Accept:text/css,*/*;q=0.1
User-Agent:Mozilla/5.0 (X11; Linux x86_64) AppleWebKit/537.36 (KHTML, like Gecko) Chrome/85.0.4183.102 Safari/537.36
Referer:http://web/installation/index.php
",cf83e1357eefb8bdf1542850d66d8007d620e4050b5715dc83f4a921d36ce9ce47d0d13c5d85f2b0ff8318d2877eec2f63b931bd47417a81a538327af927da3e,"Keep-Alive:timeout=5, max=100
Server:Apache/2.4.25 (Debian)
Connection:Keep-Alive
Last-Modified:Mon, 06 May 2019 20:34:16 GMT
Date:Mon, 11 May 2026 20:49:02 GMT
Accept-Ranges:bytes
ETag:""2fea-5883e06252200-gzip""
Content-Encoding:gzip
Vary:Accept-Encoding
Content-Length:2407
Content-Type:text/css
",d0e168c2df9ecc29d8525bb30e84630af16c68eeaeec790a6166c183eaa7e7432b02b7937abb7670aafd1755ac038b5f049a9ca21a03e953f7d9dae845fc25ca,200
http://web/media/jui/css/bootstrap-responsive.min.css?7367cfbd6ae026658e4994edad8f7ec1,GET,"Cookie:9d4bb4a09f511681369671a08beff228=f28280943223bf9dbfd9284c8045f799
Accept:text/css,*/*;q=0.1
User-Agent:Mozilla/5.0 (X11; Linux x86_64) AppleWebKit/537.36 (KHTML, like Gecko) Chrome/85.0.4183.102 Safari/537.36
Referer:http://web/installation/index.php
",cf83e1357eefb8bdf1542850d66d8007d620e4050b5715dc83f4a921d36ce9ce47d0d13c5d85f2b0ff8318d2877eec2f63b931bd47417a81a538327af927da3e,"Keep-Alive:timeout=5, max=100
Server:Apache/2.4.25 (Debian)
Connection:Keep-Alive
Last-Modified:Mon, 06 May 2019 20:34:16 GMT
Date:Mon, 11 May 2026 20:48:42 GMT
Accept-Ranges:bytes
ETag:""4135-5883e06252200-gzip""
Content-Encoding:gzip
Vary:Accept-Encoding
Content-Length:3947
Content-Type:text/css
",25c42bb76fe0a571ae6412ba205f473b1dcab20add2358a16f74537bd4dbd4255f199961f3c5dae9ee07c9991df2413d9cb2e896361bc153e7988b1416753e11,200
http://web/media/jui/js/jquery-noconflict.js?7367cfbd6ae026658e4994edad8f7ec1,GET,"Cookie:9d4bb4a09f511681369671a08beff228=f28280943223bf9dbfd9284c8045f799
Accept:*/*
User-Agent:Mozilla/5.0 (X11; Linux x86_64) AppleWebKit/537.36 (KHTML, like Gecko) Chrome/85.0.4183.102 Safari/537.36
Referer:http://web/installation/index.php
",cf83e1357eefb8bdf1542850d66d8007d620e4050b5715dc83f4a921d36ce9ce47d0d13c5d85f2b0ff8318d2877eec2f63b931bd47417a81a538327af927da3e,"Keep-Alive:timeout=5, max=99
Server:Apache/2.4.25 (Debian)
Connection:Keep-Alive
Last-Modified:Mon, 06 May 2019 20:34:16 GMT
Date:Mon, 11 May 2026 20:48:42 GMT
Accept-Ranges:bytes
ETag:""15-5883e06252200""
Content-Length:21
Content-Type:application/javascript
",dcc2117e42859d51017047b468a99f65d74d45ac2e86ae1cc5605e39041ff2164e562756d93a89fa1f71cbd331f958b351c5afe952a47a560120e080d63bd623,200
http://web/media/jui/css/bootstrap.min.css?1fbd133c957c0ccd93d5fc3cd9103b76,GET,"Cookie:9d4bb4a09f511681369671a08beff228=f28280943223bf9dbfd9284c8045f799
Accept:text/css,*/*;q=0.1
User-Agent:Mozilla/5.0 (X11; Linux x86_64) AppleWebKit/537.36 (KHTML, like Gecko) Chrome/85.0.4183.102 Safari/537.36
Referer:http://web/installation/index.php
",cf83e1357eefb8bdf1542850d66d8007d620e4050b5715dc83f4a921d36ce9ce47d0d13c5d85f2b0ff8318d2877eec2f63b931bd47417a81a538327af927da3e,"Keep-Alive:timeout=5, max=82
Server:Apache/2.4.25 (Debian)
Connection:Keep-Alive
Last-Modified:Mon, 06 May 2019 20:34:16 GMT
Date:Mon, 11 May 2026 20:49:02 GMT
Accept-Ranges:bytes
ETag:""19f02-5883e06252200-gzip""
Content-Encoding:gzip
Vary:Accept-Encoding
Content-Length:17143
Content-Type:text/css
",2756547abc65d82ca19886ad8a81e904d324bb933b774cf8a9c3df4972fad4e0257dd4a4b9006e0c475ca86f3ac9f40604b0af1833578e20f36753316e91982d,200
http://web/media/system/js/keepalive.js?1fbd133c957c0ccd93d5fc3cd9103b76,GET,"Cookie:9d4bb4a09f511681369671a08beff228=f28280943223bf9dbfd9284c8045f799
Accept:*/*
User-Agent:Mozilla/5.0 (X11; Linux x86_64) AppleWebKit/537.36 (KHTML, like Gecko) Chrome/85.0.4183.102 Safari/537.36
Referer:http://web/installation/index.php
",cf83e1357eefb8bdf1542850d66d8007d620e4050b5715dc83f4a921d36ce9ce47d0d13c5d85f2b0ff8318d2877eec2f63b931bd47417a81a538327af927da3e,"Keep-Alive:timeout=5, max=97
Server:Apache/2.4.25 (Debian)
Connection:Keep-Alive
Last-Modified:Mon, 06 May 2019 20:34:16 GMT
Date:Mon, 11 May 2026 20:49:02 GMT
Accept-Ranges:bytes
ETag:""1ce-5883e06252200-gzip""
Content-Encoding:gzip
Vary:Accept-Encoding
Content-Length:306
Content-Type:application/javascript
",ec603e5bf179c66d60c1eb1077830c852ddc19a39eb6b3e5e2496abbb2af154c0179c65055b850afbb40c8702ced682e796a1fc99c9d0e7fab97f0a11d9281c1,200
http://web/installation/index.php?tmpl=body&view=site,GET,"Cookie:9d4bb4a09f511681369671a08beff228=f28280943223bf9dbfd9284c8045f799
Accept:text/html, */*; q=0.01
X-Requested-With:XMLHttpRequest
User-Agent:Mozilla/5.0 (X11; Linux x86_64) AppleWebKit/537.36 (KHTML, like Gecko) Chrome/85.0.4183.102 Safari/537.36
Referer:http://web/installation/index.php
",cf83e1357eefb8bdf1542850d66d8007d620e4050b5715dc83f4a921d36ce9ce47d0d13c5d85f2b0ff8318d2877eec2f63b931bd47417a81a538327af927da3e,"Keep-Alive:timeout=5, max=98
Server:Apache/2.4.25 (Debian)
Connection:Keep-Alive
Last-Modified:Mon, 11 May 2026 20:48:46 GMT
Pragma:no-cache
Date:Mon, 11 May 2026 20:48:46 GMT
Cache-Control:no-store, no-cache, must-revalidate, post-check=0, pre-check=0
Content-Encoding:gzip
Vary:Accept-Encoding
Expires:Wed, 17 Aug 2005 00:00:00 GMT
Content-Length:3243
X-Powered-By:PHP/7.1.29
Content-Type:text/html; charset=utf-8
",fd72f9860916b6cee04fafafb7650a7fe681ff92ce73da4adce73cc34655cf7de4c8f66af0d8d7689136bbb8f819a30b0b9dd7bcdcf5f743923b07f45219534a,200
http://web/installation/index.php,POST,"Origin:http://web
Cookie:9d4bb4a09f511681369671a08beff228=f28280943223bf9dbfd9284c8045f799
Accept:application/json, text/javascript, */*; q=0.01
X-Requested-With:XMLHttpRequest
User-Agent:Mozilla/5.0 (X11; Linux x86_64) AppleWebKit/537.36 (KHTML, like Gecko) Chrome/85.0.4183.102 Safari/537.36
Referer:http://web/installation/index.php
Content-Type:application/x-www-form-urlencoded; charset=UTF-8
",cbd56bd35a92c87ad4d88f3e4c04246cdd111582cfaadf8fa67315dcc8d811a306f752b3ea1828e43e750853ac084ba944c3b0aeff951e929ec1b34aedcec4e5,"Keep-Alive:timeout=5, max=91
Server:Apache/2.4.25 (Debian)
Connection:Keep-Alive
Last-Modified:Mon, 11 May 2026 20:48:56 GMT
Pragma:no-cache
Date:Mon, 11 May 2026 20:48:56 GMT
Cache-Control:no-store, no-cache, must-revalidate, post-check=0, pre-check=0
Content-Encoding:gzip
Vary:Accept-Encoding
Expires:Wed, 17 Aug 2005 00:00:00 GMT
Content-Length:4825
X-Powered-By:PHP/7.1.29
Content-Type:text/html; charset=utf-8
",b488c5fc2d46190e428c17a510ce2e78e992e6cf85fe294aac58cc9958529b0aa6f7a9b5372af1220d33a39dc6a4c05c67bbea447caeb486ea0d4e3d19165164,200
http://web/,GET,"Cookie:9d4bb4a09f511681369671a08beff228=f28280943223bf9dbfd9284c8045f799
Accept:text/html,application/xhtml+xml,application/xml;q=0.9,image/avif,image/webp,image/apng,*/*;q=0.8,application/signed-exchange;v=b3;q=0.9
User-Agent:Mozilla/5.0 (X11; Linux x86_64) AppleWebKit/537.36 (KHTML, like Gecko) Chrome/85.0.4183.102 Safari/537.36
Upgrade-Insecure-Requests:1
",cf83e1357eefb8bdf1542850d66d8007d620e4050b5715dc83f4a921d36ce9ce47d0d13c5d85f2b0ff8318d2877eec2f63b931bd47417a81a538327af927da3e,"Keep-Alive:timeout=5, max=85
Server:Apache/2.4.25 (Debian)
Connection:Keep-Alive
Date:Mon, 11 May 2026 20:49:02 GMT
Content-Length:52
X-Powered-By:PHP/7.1.29
Location:installation/index.php
Content-Type:text/html; charset=UTF-8
",cf83e1357eefb8bdf1542850d66d8007d620e4050b5715dc83f4a921d36ce9ce47d0d13c5d85f2b0ff8318d2877eec2f63b931bd47417a81a538327af927da3e,302
http://web/media/jui/css/bootstrap.min.css?7367cfbd6ae026658e4994edad8f7ec1,GET,"Cookie:9d4bb4a09f511681369671a08beff228=f28280943223bf9dbfd9284c8045f799
Accept:text/css,*/*;q=0.1
User-Agent:Mozilla/5.0 (X11; Linux x86_64) AppleWebKit/537.36 (KHTML, like Gecko) Chrome/85.0.4183.102 Safari/537.36
Referer:http://web/installation/index.php
",cf83e1357eefb8bdf1542850d66d8007d620e4050b5715dc83f4a921d36ce9ce47d0d13c5d85f2b0ff8318d2877eec2f63b931bd47417a81a538327af927da3e,"Keep-Alive:timeout=5, max=100
Server:Apache/2.4.25 (Debian)
Connection:Keep-Alive
Last-Modified:Mon, 06 May 2019 20:34:16 GMT
Date:Mon, 11 May 2026 20:48:42 GMT
Accept-Ranges:bytes
ETag:""19f02-5883e06252200-gzip""
Content-Encoding:gzip
Vary:Accept-Encoding
Content-Length:17143
Content-Type:text/css
",2756547abc65d82ca19886ad8a81e904d324bb933b774cf8a9c3df4972fad4e0257dd4a4b9006e0c475ca86f3ac9f40604b0af1833578e20f36753316e91982d,200
http://web/installation/index.php,POST,"Origin:http://web
Cookie:9d4bb4a09f511681369671a08beff228=f28280943223bf9dbfd9284c8045f799
Accept:application/json, text/javascript, */*; q=0.01
X-Requested-With:XMLHttpRequest
User-Agent:Mozilla/5.0 (X11; Linux x86_64) AppleWebKit/537.36 (KHTML, like Gecko) Chrome/85.0.4183.102 Safari/537.36
Referer:http://web/installation/index.php
Content-Type:application/x-www-form-urlencoded; charset=UTF-8
",3061dabd6c99ae841c14f4105b6bf13ee4504f5bb7cd6bb674d880b62f2009d8f604557b63287f5720d0a34141a4417f90dd93b37d7439173699b5d4444a6fc9,"Keep-Alive:timeout=5, max=97
Server:Apache/2.4.25 (Debian)
Connection:Keep-Alive
Last-Modified:Mon, 11 May 2026 20:48:48 GMT
Pragma:no-cache
Date:Mon, 11 May 2026 20:48:48 GMT
Cache-Control:no-store, no-cache, must-revalidate, post-check=0, pre-check=0
Content-Encoding:gzip
Vary:Accept-Encoding
Expires:Wed, 17 Aug 2005 00:00:00 GMT
Content-Length:4824
X-Powered-By:PHP/7.1.29
Content-Type:text/html; charset=utf-8
",f9e7d2742c745f7899e0f84cd2fec0abb22217a9b87965eb680ef2024e4db317d1e2c9f2788442e5d1deda59b2c710d6f6be9f365bd92ba2c9acbb9baa509a4f,200
http://web/installation/index.php,POST,"Origin:http://web
Cookie:9d4bb4a09f511681369671a08beff228=f28280943223bf9dbfd9284c8045f799
Accept:application/json, text/javascript, */*; q=0.01
X-Requested-With:XMLHttpRequest
User-Agent:Mozilla/5.0 (X11; Linux x86_64) AppleWebKit/537.36 (KHTML, like Gecko) Chrome/85.0.4183.102 Safari/537.36
Referer:http://web/installation/index.php
Content-Type:application/x-www-form-urlencoded; charset=UTF-8
",3d4fbb959cb3724ff2f87a5ef3f3400a497cd9ddd35c94bab80ba15b6723324853c6057e1ce9e482023af709070492983d7cbe25ec545fb136ad2576f85ef85a,"Keep-Alive:timeout=5, max=88
Server:Apache/2.4.25 (Debian)
Connection:Keep-Alive
Last-Modified:Mon, 11 May 2026 20:48:59 GMT
Pragma:no-cache
Date:Mon, 11 May 2026 20:48:59 GMT
Cache-Control:no-store, no-cache, must-revalidate, post-check=0, pre-check=0
Content-Encoding:gzip
Vary:Accept-Encoding
Expires:Wed, 17 Aug 2005 00:00:00 GMT
Content-Length:4827
X-Powered-By:PHP/7.1.29
Content-Type:text/html; charset=utf-8
",217503cbded0f718f3bb38289fb20839a78a733ff6d5be37228c2d2d410913359a434d44436c50faaf3f0c1b4971b584e1fd39a8d93c09b24e5a03dbddb86066,200
http://web/installation/template/js/installation.js?1fbd133c957c0ccd93d5fc3cd9103b76,GET,"Cookie:9d4bb4a09f511681369671a08beff228=f28280943223bf9dbfd9284c8045f799
Accept:*/*
User-Agent:Mozilla/5.0 (X11; Linux x86_64) AppleWebKit/537.36 (KHTML, like Gecko) Chrome/85.0.4183.102 Safari/537.36
Referer:http://web/installation/index.php
",cf83e1357eefb8bdf1542850d66d8007d620e4050b5715dc83f4a921d36ce9ce47d0d13c5d85f2b0ff8318d2877eec2f63b931bd47417a81a538327af927da3e,"Keep-Alive:timeout=5, max=99
Server:Apache/2.4.25 (Debian)
Connection:Keep-Alive
Last-Modified:Mon, 06 May 2019 20:34:16 GMT
Date:Mon, 11 May 2026 20:49:02 GMT
Accept-Ranges:bytes
ETag:""3657-5883e06252200-gzip""
Content-Encoding:gzip
Vary:Accept-Encoding
Content-Length:3036
Content-Type:application/javascript
",4bc534ee97c6d297009b8af0972919d02462ed8e90fefa3ae21556611a7befc7d72f3c617d75edae8b76108a78e4f8797596067acce27ed916d5a41a871e6f87,200
http://web/media/jui/js/jquery-migrate.min.js?1fbd133c957c0ccd93d5fc3cd9103b76,GET,"Cookie:9d4bb4a09f511681369671a08beff228=f28280943223bf9dbfd9284c8045f799
Accept:*/*
User-Agent:Mozilla/5.0 (X11; Linux x86_64) AppleWebKit/537.36 (KHTML, like Gecko) Chrome/85.0.4183.102 Safari/537.36
Referer:http://web/installation/index.php
",cf83e1357eefb8bdf1542850d66d8007d620e4050b5715dc83f4a921d36ce9ce47d0d13c5d85f2b0ff8318d2877eec2f63b931bd47417a81a538327af927da3e,"Keep-Alive:timeout=5, max=100
Server:Apache/2.4.25 (Debian)
Connection:Keep-Alive
Last-Modified:Mon, 06 May 2019 20:34:16 GMT
Date:Mon, 11 May 2026 20:49:02 GMT
Accept-Ranges:bytes
ETag:""2748-5883e06252200-gzip""
Content-Encoding:gzip
Vary:Accept-Encoding
Content-Length:4014
Content-Type:application/javascript
",b74a2f03c64e883b9a34de43690429327dfb4aa230a7a6afca8150a16e3d84e98461245ff264c26368d9904562cc34fe219f71f951d364fa5c68c039b76776cd,200
http://web/installation/index.php,GET,"Cookie:9d4bb4a09f511681369671a08beff228=f28280943223bf9dbfd9284c8045f799
Accept:text/html,application/xhtml+xml,application/xml;q=0.9,image/avif,image/webp,image/apng,*/*;q=0.8,application/signed-exchange;v=b3;q=0.9
User-Agent:Mozilla/5.0 (X11; Linux x86_64) AppleWebKit/537.36 (KHTML, like Gecko) Chrome/85.0.4183.102 Safari/537.36
Upgrade-Insecure-Requests:1
",cf83e1357eefb8bdf1542850d66d8007d620e4050b5715dc83f4a921d36ce9ce47d0d13c5d85f2b0ff8318d2877eec2f63b931bd47417a81a538327af927da3e,"Keep-Alive:timeout=5, max=89
Server:Apache/2.4.25 (Debian)
Connection:Keep-Alive
Last-Modified:Mon, 11 May 2026 20:48:57 GMT
Pragma:no-cache
Date:Mon, 11 May 2026 20:48:57 GMT
Cache-Control:no-store, no-cache, must-revalidate, post-check=0, pre-check=0
Content-Encoding:gzip
Vary:Accept-Encoding
Expires:Wed, 17 Aug 2005 00:00:00 GMT
Content-Length:4826
X-Powered-By:PHP/7.1.29
Content-Type:text/html; charset=utf-8
",63110f6ff8f93341eaae26030397da75d5b49a3a3707ebfc4cb93566f4e79710a11ed7b841a069e29bc1bbf46e2560eedcb997c9ed087889ad0a7fd01ea59883,200
http://web/media/jui/js/jquery.min.js?7367cfbd6ae026658e4994edad8f7ec1,GET,"Cookie:9d4bb4a09f511681369671a08beff228=f28280943223bf9dbfd9284c8045f799
Accept:*/*
User-Agent:Mozilla/5.0 (X11; Linux x86_64) AppleWebKit/537.36 (KHTML, like Gecko) Chrome/85.0.4183.102 Safari/537.36
Referer:http://web/installation/index.php
",cf83e1357eefb8bdf1542850d66d8007d620e4050b5715dc83f4a921d36ce9ce47d0d13c5d85f2b0ff8318d2877eec2f63b931bd47417a81a538327af927da3e,"Keep-Alive:timeout=5, max=99
Server:Apache/2.4.25 (Debian)
Connection:Keep-Alive
Last-Modified:Mon, 06 May 2019 20:34:16 GMT
Date:Mon, 11 May 2026 20:48:42 GMT
Accept-Ranges:bytes
ETag:""1795e-5883e06252200-gzip""
Content-Encoding:gzip
Vary:Accept-Encoding
Content-Length:33659
Content-Type:application/javascript
",c504c83f430ae03000216d7b189b9d0e72f67fcb66c4434837b566fa9eea722607a1b18241f277385ff4a116dfd03c467279def6993805e5e823ed54b7a48fcf,200
http://web/media/jui/js/jquery-migrate.min.js?7367cfbd6ae026658e4994edad8f7ec1,GET,"Cookie:9d4bb4a09f511681369671a08beff228=f28280943223bf9dbfd9284c8045f799
Accept:*/*
User-Agent:Mozilla/5.0 (X11; Linux x86_64) AppleWebKit/537.36 (KHTML, like Gecko) Chrome/85.0.4183.102 Safari/537.36
Referer:http://web/installation/index.php
",cf83e1357eefb8bdf1542850d66d8007d620e4050b5715dc83f4a921d36ce9ce47d0d13c5d85f2b0ff8318d2877eec2f63b931bd47417a81a538327af927da3e,"Keep-Alive:timeout=5, max=96
Server:Apache/2.4.25 (Debian)
Connection:Keep-Alive
Last-Modified:Mon, 06 May 2019 20:34:16 GMT
Date:Mon, 11 May 2026 20:48:42 GMT
Accept-Ranges:bytes
ETag:""2748-5883e06252200-gzip""
Content-Encoding:gzip
Vary:Accept-Encoding
Content-Length:4014
Content-Type:application/javascript
",b74a2f03c64e883b9a34de43690429327dfb4aa230a7a6afca8150a16e3d84e98461245ff264c26368d9904562cc34fe219f71f951d364fa5c68c039b76776cd,200
http://web/media/jui/js/chosen.jquery.min.js?1fbd133c957c0ccd93d5fc3cd9103b76,GET,"Cookie:9d4bb4a09f511681369671a08beff228=f28280943223bf9dbfd9284c8045f799
Accept:*/*
User-Agent:Mozilla/5.0 (X11; Linux x86_64) AppleWebKit/537.36 (KHTML, like Gecko) Chrome/85.0.4183.102 Safari/537.36
Referer:http://web/installation/index.php
",cf83e1357eefb8bdf1542850d66d8007d620e4050b5715dc83f4a921d36ce9ce47d0d13c5d85f2b0ff8318d2877eec2f63b931bd47417a81a538327af927da3e,"Keep-Alive:timeout=5, max=83
Server:Apache/2.4.25 (Debian)
Connection:Keep-Alive
Last-Modified:Mon, 06 May 2019 20:34:16 GMT
Date:Mon, 11 May 2026 20:49:02 GMT
Accept-Ranges:bytes
ETag:""84da-5883e06252200-gzip""
Content-Encoding:gzip
Vary:Accept-Encoding
Content-Length:7609
Content-Type:application/javascript
",afa89c11ab018fc3cf1bbb2cf72b4467f4987428e5cb5f65a32d55353763db6fdcb998daa56335b556310b7460617a460d6c6f062bd1919129311245cfe79803,200
http://web/installation/index.php,GET,"Cookie:9d4bb4a09f511681369671a08beff228=f28280943223bf9dbfd9284c8045f799
Accept:text/html,application/xhtml+xml,application/xml;q=0.9,image/avif,image/webp,image/apng,*/*;q=0.8,application/signed-exchange;v=b3;q=0.9
User-Agent:Mozilla/5.0 (X11; Linux x86_64) AppleWebKit/537.36 (KHTML, like Gecko) Chrome/85.0.4183.102 Safari/537.36
Upgrade-Insecure-Requests:1
",cf83e1357eefb8bdf1542850d66d8007d620e4050b5715dc83f4a921d36ce9ce47d0d13c5d85f2b0ff8318d2877eec2f63b931bd47417a81a538327af927da3e,"Keep-Alive:timeout=5, max=86
Server:Apache/2.4.25 (Debian)
Connection:Keep-Alive
Last-Modified:Mon, 11 May 2026 20:48:59 GMT
Pragma:no-cache
Date:Mon, 11 May 2026 20:48:59 GMT
Cache-Control:no-store, no-cache, must-revalidate, post-check=0, pre-check=0
Content-Encoding:gzip
Vary:Accept-Encoding
Expires:Wed, 17 Aug 2005 00:00:00 GMT
Content-Length:4826
X-Powered-By:PHP/7.1.29
Content-Type:text/html; charset=utf-8
",2f79bb129b1244df69255e6bda48bb554313eb266b3c4f02aa8e2f64b2cae70ebb428314ee8e9f91f5ef308fe88e32f141a0bc262a32c27cf347101e779f4cd8,200
http://web/installation/template/images/joomla.png,GET,"Cookie:9d4bb4a09f511681369671a08beff228=f28280943223bf9dbfd9284c8045f799
Accept:image/avif,image/webp,image/apng,image/*,*/*;q=0.8
User-Agent:Mozilla/5.0 (X11; Linux x86_64) AppleWebKit/537.36 (KHTML, like Gecko) Chrome/85.0.4183.102 Safari/537.36
Referer:http://web/installation/index.php
",cf83e1357eefb8bdf1542850d66d8007d620e4050b5715dc83f4a921d36ce9ce47d0d13c5d85f2b0ff8318d2877eec2f63b931bd47417a81a538327af927da3e,"Keep-Alive:timeout=5, max=95
Server:Apache/2.4.25 (Debian)
Connection:Keep-Alive
Last-Modified:Mon, 06 May 2019 20:34:16 GMT
Date:Mon, 11 May 2026 20:48:43 GMT
Accept-Ranges:bytes
ETag:""2373-5883e06252200""
Content-Length:9075
Content-Type:image/png
",87b5379b35edc2bbd35b093c6bb9df6aac7b0843379fcc4ab9ad865e373a6e2627df76249341d4b19f9c201ea0a69cc51e6d1252239a47e9968db6238d24ef2b,200
http://web/installation/favicon.ico,GET,"Cookie:9d4bb4a09f511681369671a08beff228=f28280943223bf9dbfd9284c8045f799
Accept:image/avif,image/webp,image/apng,image/*,*/*;q=0.8
User-Agent:Mozilla/5.0 (X11; Linux x86_64) AppleWebKit/537.36 (KHTML, like Gecko) Chrome/85.0.4183.102 Safari/537.36
Referer:http://web/installation/index.php
",cf83e1357eefb8bdf1542850d66d8007d620e4050b5715dc83f4a921d36ce9ce47d0d13c5d85f2b0ff8318d2877eec2f63b931bd47417a81a538327af927da3e,"Keep-Alive:timeout=5, max=92
Server:Apache/2.4.25 (Debian)
Connection:Keep-Alive
Last-Modified:Mon, 06 May 2019 20:34:16 GMT
Date:Mon, 11 May 2026 20:48:43 GMT
Accept-Ranges:bytes
ETag:""7e3-5883e06252200""
Content-Length:2019
Content-Type:image/vnd.microsoft.icon
",4c0f1c006849f5639a717465c4b706d50f72fc3b342d1e220d6bb343ac436b357f77e07be130b58005c793ef04b5793e508633eb7aa77955249aa66f6fde9a04,200
http://web/installation/template/css/template.css?1fbd133c957c0ccd93d5fc3cd9103b76,GET,"Cookie:9d4bb4a09f511681369671a08beff228=f28280943223bf9dbfd9284c8045f799
Accept:text/css,*/*;q=0.1
User-Agent:Mozilla/5.0 (X11; Linux x86_64) AppleWebKit/537.36 (KHTML, like Gecko) Chrome/85.0.4183.102 Safari/537.36
Referer:http://web/installation/index.php
",cf83e1357eefb8bdf1542850d66d8007d620e4050b5715dc83f4a921d36ce9ce47d0d13c5d85f2b0ff8318d2877eec2f63b931bd47417a81a538327af927da3e,"Keep-Alive:timeout=5, max=99
Server:Apache/2.4.25 (Debian)
Connection:Keep-Alive
Last-Modified:Mon, 06 May 2019 20:34:16 GMT
Date:Mon, 11 May 2026 20:49:02 GMT
Accept-Ranges:bytes
ETag:""15f2-5883e06252200-gzip""
Content-Encoding:gzip
Vary:Accept-Encoding
Content-Length:1722
Content-Type:text/css
",1519c822f513baa110c731fd3babe0719c1d75cc57a4cae4acc38075f1af3f9f842ba5979d24735049971fa6fb3022dfa1ebbdd3c7861111f4506ba3517cf77e,200
http://web/installation/index.php,GET,"Accept:text/html,application/xhtml+xml,application/xml;q=0.9,image/avif,image/webp,image/apng,*/*;q=0.8,application/signed-exchange;v=b3;q=0.9
User-Agent:Mozilla/5.0 (X11; Linux x86_64) AppleWebKit/537.36 (KHTML, like Gecko) Chrome/85.0.4183.102 Safari/537.36
Upgrade-Insecure-Requests:1
",cf83e1357eefb8bdf1542850d66d8007d620e4050b5715dc83f4a921d36ce9ce47d0d13c5d85f2b0ff8318d2877eec2f63b931bd47417a81a538327af927da3e,"Keep-Alive:timeout=5, max=99
Server:Apache/2.4.25 (Debian)
Connection:Keep-Alive
Last-Modified:Mon, 11 May 2026 20:48:42 GMT
Pragma:no-cache
Date:Mon, 11 May 2026 20:48:42 GMT
Cache-Control:no-store, no-cache, must-revalidate, post-check=0, pre-check=0
Content-Encoding:gzip
Vary:Accept-Encoding
Expires:Wed, 17 Aug 2005 00:00:00 GMT
Content-Length:4824
X-Powered-By:PHP/7.1.29
Content-Type:text/html; charset=utf-8
",f07cca1c3713e310e42ce43aecaf8eb7a5ce023761e1e8c1e244c0d7d3182afa431b4d370b156d8156a6f3a34076b624e964d8f5f4a1d1e86cf0cc520fbb7009,200
http://web/media/system/js/punycode.js?1fbd133c957c0ccd93d5fc3cd9103b76,GET,"Cookie:9d4bb4a09f511681369671a08beff228=f28280943223bf9dbfd9284c8045f799
Accept:*/*
User-Agent:Mozilla/5.0 (X11; Linux x86_64) AppleWebKit/537.36 (KHTML, like Gecko) Chrome/85.0.4183.102 Safari/537.36
Referer:http://web/installation/index.php
",cf83e1357eefb8bdf1542850d66d8007d620e4050b5715dc83f4a921d36ce9ce47d0d13c5d85f2b0ff8318d2877eec2f63b931bd47417a81a538327af927da3e,"Keep-Alive:timeout=5, max=98
Server:Apache/2.4.25 (Debian)
Connection:Keep-Alive
Last-Modified:Mon, 06 May 2019 20:34:16 GMT
Date:Mon, 11 May 2026 20:49:02 GMT
Accept-Ranges:bytes
ETag:""b0c-5883e06252200-gzip""
Content-Encoding:gzip
Vary:Accept-Encoding
Content-Length:1522
Content-Type:application/javascript
",95d6c4af80c4ac32ee784fcc1f4502ddc0bf0cc0cd190e7a00ed36648aafb419c150f0f85adf5a29e88a85e36f639a209a8b4e9a158300a1f522b3a8dae4f640,200
http://web/media/jui/css/chosen-sprite.png,GET,"Cookie:9d4bb4a09f511681369671a08beff228=f28280943223bf9dbfd9284c8045f799
Accept:image/avif,image/webp,image/apng,image/*,*/*;q=0.8
User-Agent:Mozilla/5.0 (X11; Linux x86_64) AppleWebKit/537.36 (KHTML, like Gecko) Chrome/85.0.4183.102 Safari/537.36
Referer:http://web/media/jui/css/chosen.css?7367cfbd6ae026658e4994edad8f7ec1
",cf83e1357eefb8bdf1542850d66d8007d620e4050b5715dc83f4a921d36ce9ce47d0d13c5d85f2b0ff8318d2877eec2f63b931bd47417a81a538327af927da3e,"Keep-Alive:timeout=5, max=93
Server:Apache/2.4.25 (Debian)
Connection:Keep-Alive
Last-Modified:Mon, 06 May 2019 20:34:16 GMT
Date:Mon, 11 May 2026 20:48:43 GMT
Accept-Ranges:bytes
ETag:""21a-5883e06252200""
Content-Length:538
Content-Type:image/png
",4970abcf8c68ea16f76c5a6612a4fafb791f5ed95cd01186eb49bd6000fa5c09daf769a5bf298b86b52a2fe4961efb0d4173a067cf85488be0bc9f3eac41e088,200
http://web/installation/index.php,POST,"Origin:http://web
Cookie:9d4bb4a09f511681369671a08beff228=f28280943223bf9dbfd9284c8045f799
Accept:application/json, text/javascript, */*; q=0.01
X-Requested-With:XMLHttpRequest
User-Agent:Mozilla/5.0 (X11; Linux x86_64) AppleWebKit/537.36 (KHTML, like Gecko) Chrome/85.0.4183.102 Safari/537.36
Referer:http://web/installation/index.php
Content-Type:application/x-www-form-urlencoded; charset=UTF-8
",295bfe263bfb7458bdcd23dfedc964f3b8b4360e238dfee6f010382dd629a0a35d944ef98dba741d30a8d5053aef176185d6d276eff0ba0cd61915d2590cb1c6,"Keep-Alive:timeout=5, max=96
Server:Apache/2.4.25 (Debian)
Connection:Keep-Alive
Last-Modified:Mon, 11 May 2026 20:48:49 GMT
Pragma:no-cache
Date:Mon, 11 May 2026 20:48:49 GMT
Cache-Control:no-store, no-cache, must-revalidate, post-check=0, pre-check=0
Content-Encoding:gzip
Vary:Accept-Encoding
Expires:Wed, 17 Aug 2005 00:00:00 GMT
Content-Length:4825
X-Powered-By:PHP/7.1.29
Content-Type:text/html; charset=utf-8
",535eb1d6d20faaa613ad6b15c6206b363a6e2e8d9ec4009bd3e378b5e1b42efb9714de60ce3cc48920a7135fc5a3516d4336b60dbe5234e81cfc60421c79325c,200
http://web/,GET,"Cookie:9d4bb4a09f511681369671a08beff228=f28280943223bf9dbfd9284c8045f799
Accept:text/html,application/xhtml+xml,application/xml;q=0.9,image/avif,image/webp,image/apng,*/*;q=0.8,application/signed-exchange;v=b3;q=0.9
User-Agent:Mozilla/5.0 (X11; Linux x86_64) AppleWebKit/537.36 (KHTML, like Gecko) Chrome/85.0.4183.102 Safari/537.36
Upgrade-Insecure-Requests:1
",cf83e1357eefb8bdf1542850d66d8007d620e4050b5715dc83f4a921d36ce9ce47d0d13c5d85f2b0ff8318d2877eec2f63b931bd47417a81a538327af927da3e,"Keep-Alive:timeout=5, max=90
Server:Apache/2.4.25 (Debian)
Connection:Keep-Alive
Date:Mon, 11 May 2026 20:48:57 GMT
Content-Length:52
X-Powered-By:PHP/7.1.29
Location:installation/index.php
Content-Type:text/html; charset=UTF-8
",cf83e1357eefb8bdf1542850d66d8007d620e4050b5715dc83f4a921d36ce9ce47d0d13c5d85f2b0ff8318d2877eec2f63b931bd47417a81a538327af927da3e,302
http://web/media/system/js/keepalive.js?7367cfbd6ae026658e4994edad8f7ec1,GET,"Cookie:9d4bb4a09f511681369671a08beff228=f28280943223bf9dbfd9284c8045f799
Accept:*/*
User-Agent:Mozilla/5.0 (X11; Linux x86_64) AppleWebKit/537.36 (KHTML, like Gecko) Chrome/85.0.4183.102 Safari/537.36
Referer:http://web/installation/index.php
",cf83e1357eefb8bdf1542850d66d8007d620e4050b5715dc83f4a921d36ce9ce47d0d13c5d85f2b0ff8318d2877eec2f63b931bd47417a81a538327af927da3e,"Keep-Alive:timeout=5, max=100
Server:Apache/2.4.25 (Debian)
Connection:Keep-Alive
Last-Modified:Mon, 06 May 2019 20:34:16 GMT
Date:Mon, 11 May 2026 20:48:42 GMT
Accept-Ranges:bytes
ETag:""1ce-5883e06252200-gzip""
Content-Encoding:gzip
Vary:Accept-Encoding
Content-Length:306
Content-Type:application/javascript
",ec603e5bf179c66d60c1eb1077830c852ddc19a39eb6b3e5e2496abbb2af154c0179c65055b850afbb40c8702ced682e796a1fc99c9d0e7fab97f0a11d9281c1,200
http://web/media/system/js/punycode.js?7367cfbd6ae026658e4994edad8f7ec1,GET,"Cookie:9d4bb4a09f511681369671a08beff228=f28280943223bf9dbfd9284c8045f799
Accept:*/*
User-Agent:Mozilla/5.0 (X11; Linux x86_64) AppleWebKit/537.36 (KHTML, like Gecko) Chrome/85.0.4183.102 Safari/537.36
Referer:http://web/installation/index.php
",cf83e1357eefb8bdf1542850d66d8007d620e4050b5715dc83f4a921d36ce9ce47d0d13c5d85f2b0ff8318d2877eec2f63b931bd47417a81a538327af927da3e,"Keep-Alive:timeout=5, max=98
Server:Apache/2.4.25 (Debian)
Connection:Keep-Alive
Last-Modified:Mon, 06 May 2019 20:34:16 GMT
Date:Mon, 11 May 2026 20:48:42 GMT
Accept-Ranges:bytes
ETag:""b0c-5883e06252200-gzip""
Content-Encoding:gzip
Vary:Accept-Encoding
Content-Length:1522
Content-Type:application/javascript
",95d6c4af80c4ac32ee784fcc1f4502ddc0bf0cc0cd190e7a00ed36648aafb419c150f0f85adf5a29e88a85e36f639a209a8b4e9a158300a1f522b3a8dae4f640,200
http://web/installation/index.php,GET,"Cookie:9d4bb4a09f511681369671a08beff228=f28280943223bf9dbfd9284c8045f799
Accept:text/html,application/xhtml+xml,application/xml;q=0.9,image/avif,image/webp,image/apng,*/*;q=0.8,application/signed-exchange;v=b3;q=0.9
User-Agent:Mozilla/5.0 (X11; Linux x86_64) AppleWebKit/537.36 (KHTML, like Gecko) Chrome/85.0.4183.102 Safari/537.36
Upgrade-Insecure-Requests:1
",cf83e1357eefb8bdf1542850d66d8007d620e4050b5715dc83f4a921d36ce9ce47d0d13c5d85f2b0ff8318d2877eec2f63b931bd47417a81a538327af927da3e,"Keep-Alive:timeout=5, max=92
Server:Apache/2.4.25 (Debian)
Connection:Keep-Alive
Last-Modified:Mon, 11 May 2026 20:48:54 GMT
Pragma:no-cache
Date:Mon, 11 May 2026 20:48:54 GMT
Cache-Control:no-store, no-cache, must-revalidate, post-check=0, pre-check=0
Content-Encoding:gzip
Vary:Accept-Encoding
Expires:Wed, 17 Aug 2005 00:00:00 GMT
Content-Length:4825
X-Powered-By:PHP/7.1.29
Content-Type:text/html; charset=utf-8
",da1b23c0d672fcacaa9d4b77b9109174b6aa5c93c28fd7c1d6efce691af356ec0b363f3668087fc38fd756f7297771654f5a1134a2ae3ca161f85582bda87567,200
http://web/media/jui/js/bootstrap.min.js?1fbd133c957c0ccd93d5fc3cd9103b76,GET,"Cookie:9d4bb4a09f511681369671a08beff228=f28280943223bf9dbfd9284c8045f799
Accept:*/*
User-Agent:Mozilla/5.0 (X11; Linux x86_64) AppleWebKit/537.36 (KHTML, like Gecko) Chrome/85.0.4183.102 Safari/537.36
Referer:http://web/installation/index.php
",cf83e1357eefb8bdf1542850d66d8007d620e4050b5715dc83f4a921d36ce9ce47d0d13c5d85f2b0ff8318d2877eec2f63b931bd47417a81a538327af927da3e,"Keep-Alive:timeout=5, max=100
Server:Apache/2.4.25 (Debian)
Connection:Keep-Alive
Last-Modified:Mon, 06 May 2019 20:34:16 GMT
Date:Mon, 11 May 2026 20:49:02 GMT
Accept-Ranges:bytes
ETag:""71c6-5883e06252200-gzip""
Content-Encoding:gzip
Vary:Accept-Encoding
Content-Length:7747
Content-Type:application/javascript
",6e8c4c30f5b7f6b25309763f5442f50cc427f846955fbdb700f84354961a26adee892ec8b923d3e0284eda5bf49879ba7776cc50d38315ac5adb4ce38d9bf173,200
http://web/installation/template/js/installation.js?7367cfbd6ae026658e4994edad8f7ec1,GET,"Cookie:9d4bb4a09f511681369671a08beff228=f28280943223bf9dbfd9284c8045f799
Accept:*/*
User-Agent:Mozilla/5.0 (X11; Linux x86_64) AppleWebKit/537.36 (KHTML, like Gecko) Chrome/85.0.4183.102 Safari/537.36
Referer:http://web/installation/index.php
",cf83e1357eefb8bdf1542850d66d8007d620e4050b5715dc83f4a921d36ce9ce47d0d13c5d85f2b0ff8318d2877eec2f63b931bd47417a81a538327af927da3e,"Keep-Alive:timeout=5, max=99
Server:Apache/2.4.25 (Debian)
Connection:Keep-Alive
Last-Modified:Mon, 06 May 2019 20:34:16 GMT
Date:Mon, 11 May 2026 20:48:42 GMT
Accept-Ranges:bytes
ETag:""3657-5883e06252200-gzip""
Content-Encoding:gzip
Vary:Accept-Encoding
Content-Length:3036
Content-Type:application/javascript
",4bc534ee97c6d297009b8af0972919d02462ed8e90fefa3ae21556611a7befc7d72f3c617d75edae8b76108a78e4f8797596067acce27ed916d5a41a871e6f87,200
http://web/media/system/js/validate.js?7367cfbd6ae026658e4994edad8f7ec1,GET,"Cookie:9d4bb4a09f511681369671a08beff228=f28280943223bf9dbfd9284c8045f799
Accept:*/*
User-Agent:Mozilla/5.0 (X11; Linux x86_64) AppleWebKit/537.36 (KHTML, like Gecko) Chrome/85.0.4183.102 Safari/537.36
Referer:http://web/installation/index.php
",cf83e1357eefb8bdf1542850d66d8007d620e4050b5715dc83f4a921d36ce9ce47d0d13c5d85f2b0ff8318d2877eec2f63b931bd47417a81a538327af927da3e,"Keep-Alive:timeout=5, max=97
Server:Apache/2.4.25 (Debian)
Connection:Keep-Alive
Last-Modified:Mon, 06 May 2019 20:34:16 GMT
Date:Mon, 11 May 2026 20:48:42 GMT
Accept-Ranges:bytes
ETag:""c2e-5883e06252200-gzip""
Content-Encoding:gzip
Vary:Accept-Encoding
Content-Length:1369
Content-Type:application/javascript
",ad1cd5392f1a34be74ef5c102d2dc356123b89fe8610d9bcc1946f3906374b604b9d9947dbe732a69833a64f3707a4381b85b2f0d8ab6261aa50795ca836baf6,200
http://web/media/system/js/core.js?1fbd133c957c0ccd93d5fc3cd9103b76,GET,"Cookie:9d4bb4a09f511681369671a08beff228=f28280943223bf9dbfd9284c8045f799
Accept:*/*
User-Agent:Mozilla/5.0 (X11; Linux x86_64) AppleWebKit/537.36 (KHTML, like Gecko) Chrome/85.0.4183.102 Safari/537.36
Referer:http://web/installation/index.php
",cf83e1357eefb8bdf1542850d66d8007d620e4050b5715dc83f4a921d36ce9ce47d0d13c5d85f2b0ff8318d2877eec2f63b931bd47417a81a538327af927da3e,"Keep-Alive:timeout=5, max=99
Server:Apache/2.4.25 (Debian)
Connection:Keep-Alive
Last-Modified:Mon, 06 May 2019 20:34:16 GMT
Date:Mon, 11 May 2026 20:49:02 GMT
Accept-Ranges:bytes
ETag:""2268-5883e06252200-gzip""
Content-Encoding:gzip
Vary:Accept-Encoding
Content-Length:3367
Content-Type:application/javascript
",44c15f0837480cf8997584be8c62f5198a53b4b8d0561158102e1489884f7bb7d8741062085acd46ca4451cbd3d0a9657366615789d457329b709eff24c1398d,200
http://web/media/system/js/validate.js?1fbd133c957c0ccd93d5fc3cd9103b76,GET,"Cookie:9d4bb4a09f511681369671a08beff228=f28280943223bf9dbfd9284c8045f799
Accept:*/*
User-Agent:Mozilla/5.0 (X11; Linux x86_64) AppleWebKit/537.36 (KHTML, like Gecko) Chrome/85.0.4183.102 Safari/537.36
Referer:http://web/installation/index.php
",cf83e1357eefb8bdf1542850d66d8007d620e4050b5715dc83f4a921d36ce9ce47d0d13c5d85f2b0ff8318d2877eec2f63b931bd47417a81a538327af927da3e,"Keep-Alive:timeout=5, max=99
Server:Apache/2.4.25 (Debian)
Connection:Keep-Alive
Last-Modified:Mon, 06 May 2019 20:34:16 GMT
Date:Mon, 11 May 2026 20:49:02 GMT
Accept-Ranges:bytes
ETag:""c2e-5883e06252200-gzip""
Content-Encoding:gzip
Vary:Accept-Encoding
Content-Length:1369
Content-Type:application/javascript
",ad1cd5392f1a34be74ef5c102d2dc356123b89fe8610d9bcc1946f3906374b604b9d9947dbe732a69833a64f3707a4381b85b2f0d8ab6261aa50795ca836baf6,200
http://web/media/jui/img/glyphicons-halflings-white.png,GET,"Cookie:9d4bb4a09f511681369671a08beff228=f28280943223bf9dbfd9284c8045f799
Accept:image/avif,image/webp,image/apng,image/*,*/*;q=0.8
User-Agent:Mozilla/5.0 (X11; Linux x86_64) AppleWebKit/537.36 (KHTML, like Gecko) Chrome/85.0.4183.102 Safari/537.36
Referer:http://web/media/jui/css/bootstrap.min.css?7367cfbd6ae026658e4994edad8f7ec1
",cf83e1357eefb8bdf1542850d66d8007d620e4050b5715dc83f4a921d36ce9ce47d0d13c5d85f2b0ff8318d2877eec2f63b931bd47417a81a538327af927da3e,"Keep-Alive:timeout=5, max=94
Server:Apache/2.4.25 (Debian)
Connection:Keep-Alive
Last-Modified:Mon, 06 May 2019 20:34:16 GMT
Date:Mon, 11 May 2026 20:48:43 GMT
Accept-Ranges:bytes
ETag:""2227-5883e06252200""
Content-Length:8743
Content-Type:image/png
",6a10cc9b9dfaf1fa32850f3dc618d04f1364fc7d4d8f82cfbb1e921b5f506330d853098aa7f707d05bbd251f1893ecc603458314375be81d99a23eaea8f956b2,200
http://web/media/jui/js/chosen.jquery.min.js?7367cfbd6ae026658e4994edad8f7ec1,GET,"Cookie:9d4bb4a09f511681369671a08beff228=f28280943223bf9dbfd9284c8045f799
Accept:*/*
User-Agent:Mozilla/5.0 (X11; Linux x86_64) AppleWebKit/537.36 (KHTML, like Gecko) Chrome/85.0.4183.102 Safari/537.36
Referer:http://web/installation/index.php
",cf83e1357eefb8bdf1542850d66d8007d620e4050b5715dc83f4a921d36ce9ce47d0d13c5d85f2b0ff8318d2877eec2f63b931bd47417a81a538327af927da3e,"Keep-Alive:timeout=5, max=100
Server:Apache/2.4.25 (Debian)
Connection:Keep-Alive
Last-Modified:Mon, 06 May 2019 20:34:16 GMT
Date:Mon, 11 May 2026 20:48:42 GMT
Accept-Ranges:bytes
ETag:""84da-5883e06252200-gzip""
Content-Encoding:gzip
Vary:Accept-Encoding
Content-Length:7609
Content-Type:application/javascript
",afa89c11ab018fc3cf1bbb2cf72b4467f4987428e5cb5f65a32d55353763db6fdcb998daa56335b556310b7460617a460d6c6f062bd1919129311245cfe79803,200
http://web/media/jui/images/ajax-loader.gif,GET,"Cookie:9d4bb4a09f511681369671a08beff228=f28280943223bf9dbfd9284c8045f799
Accept:image/avif,image/webp,image/apng,image/*,*/*;q=0.8
User-Agent:Mozilla/5.0 (X11; Linux x86_64) AppleWebKit/537.36 (KHTML, like Gecko) Chrome/85.0.4183.102 Safari/537.36
Referer:http://web/installation/index.php
",cf83e1357eefb8bdf1542850d66d8007d620e4050b5715dc83f4a921d36ce9ce47d0d13c5d85f2b0ff8318d2877eec2f63b931bd47417a81a538327af927da3e,"Keep-Alive:timeout=5, max=89
Server:Apache/2.4.25 (Debian)
Connection:Keep-Alive
Last-Modified:Mon, 06 May 2019 20:34:16 GMT
Date:Mon, 11 May 2026 20:48:46 GMT
Accept-Ranges:bytes
ETag:""26cd-5883e06252200""
Content-Length:9933
Content-Type:image/gif
",30f5d889918467fc4415c1b8d62ed1141de045be3a429d9b1e596e416d0a8f0f0923c8be765d877bdf91fd3b75c4538a777f309dbd5025e968a3c40fb131e114,200
http://web/media/jui/js/jquery-noconflict.js?1fbd133c957c0ccd93d5fc3cd9103b76,GET,"Cookie:9d4bb4a09f511681369671a08beff228=f28280943223bf9dbfd9284c8045f799
Accept:*/*
User-Agent:Mozilla/5.0 (X11; Linux x86_64) AppleWebKit/537.36 (KHTML, like Gecko) Chrome/85.0.4183.102 Safari/537.36
Referer:http://web/installation/index.php
",cf83e1357eefb8bdf1542850d66d8007d620e4050b5715dc83f4a921d36ce9ce47d0d13c5d85f2b0ff8318d2877eec2f63b931bd47417a81a538327af927da3e,"Keep-Alive:timeout=5, max=96
Server:Apache/2.4.25 (Debian)
Connection:Keep-Alive
Last-Modified:Mon, 06 May 2019 20:34:16 GMT
Date:Mon, 11 May 2026 20:49:02 GMT
Accept-Ranges:bytes
ETag:""15-5883e06252200""
Content-Length:21
Content-Type:application/javascript
",dcc2117e42859d51017047b468a99f65d74d45ac2e86ae1cc5605e39041ff2164e562756d93a89fa1f71cbd331f958b351c5afe952a47a560120e080d63bd623,200
http://web/media/jui/js/jquery.min.js?1fbd133c957c0ccd93d5fc3cd9103b76,GET,"Cookie:9d4bb4a09f511681369671a08beff228=f28280943223bf9dbfd9284c8045f799
Accept:*/*
User-Agent:Mozilla/5.0 (X11; Linux x86_64) AppleWebKit/537.36 (KHTML, like Gecko) Chrome/85.0.4183.102 Safari/537.36
Referer:http://web/installation/index.php
",cf83e1357eefb8bdf1542850d66d8007d620e4050b5715dc83f4a921d36ce9ce47d0d13c5d85f2b0ff8318d2877eec2f63b931bd47417a81a538327af927da3e,"Keep-Alive:timeout=5, max=100
Server:Apache/2.4.25 (Debian)
Connection:Keep-Alive
Last-Modified:Mon, 06 May 2019 20:34:16 GMT
Date:Mon, 11 May 2026 20:49:02 GMT
Accept-Ranges:bytes
ETag:""1795e-5883e06252200-gzip""
Content-Encoding:gzip
Vary:Accept-Encoding
Content-Length:33659
Content-Type:application/javascript
",c504c83f430ae03000216d7b189b9d0e72f67fcb66c4434837b566fa9eea722607a1b18241f277385ff4a116dfd03c467279def6993805e5e823ed54b7a48fcf,200
http://web/media/jui/css/chosen.css?7367cfbd6ae026658e4994edad8f7ec1,GET,"Cookie:9d4bb4a09f511681369671a08beff228=f28280943223bf9dbfd9284c8045f799
Accept:text/css,*/*;q=0.1
User-Agent:Mozilla/5.0 (X11; Linux x86_64) AppleWebKit/537.36 (KHTML, like Gecko) Chrome/85.0.4183.102 Safari/537.36
Referer:http://web/installation/index.php
",cf83e1357eefb8bdf1542850d66d8007d620e4050b5715dc83f4a921d36ce9ce47d0d13c5d85f2b0ff8318d2877eec2f63b931bd47417a81a538327af927da3e,"Keep-Alive:timeout=5, max=98
Server:Apache/2.4.25 (Debian)
Connection:Keep-Alive
Last-Modified:Mon, 06 May 2019 20:34:16 GMT
Date:Mon, 11 May 2026 20:48:42 GMT
Accept-Ranges:bytes
ETag:""2fea-5883e06252200-gzip""
Content-Encoding:gzip
Vary:Accept-Encoding
Content-Length:2407
Content-Type:text/css
",d0e168c2df9ecc29d8525bb30e84630af16c68eeaeec790a6166c183eaa7e7432b02b7937abb7670aafd1755ac038b5f049a9ca21a03e953f7d9dae845fc25ca,200
http://web/,GET,"Accept:text/html,application/xhtml+xml,application/xml;q=0.9,image/avif,image/webp,image/apng,*/*;q=0.8,application/signed-exchange;v=b3;q=0.9
User-Agent:Mozilla/5.0 (X11; Linux x86_64) AppleWebKit/537.36 (KHTML, like Gecko) Chrome/85.0.4183.102 Safari/537.36
Upgrade-Insecure-Requests:1
",cf83e1357eefb8bdf1542850d66d8007d620e4050b5715dc83f4a921d36ce9ce47d0d13c5d85f2b0ff8318d2877eec2f63b931bd47417a81a538327af927da3e,"Keep-Alive:timeout=5, max=100
Server:Apache/2.4.25 (Debian)
Connection:Keep-Alive
Date:Mon, 11 May 2026 20:48:42 GMT
Content-Length:52
X-Powered-By:PHP/7.1.29
Location:installation/index.php
Content-Type:text/html; charset=UTF-8
",cf83e1357eefb8bdf1542850d66d8007d620e4050b5715dc83f4a921d36ce9ce47d0d13c5d85f2b0ff8318d2877eec2f63b931bd47417a81a538327af927da3e,302
http://web/media/jui/css/bootstrap-extended.css?7367cfbd6ae026658e4994edad8f7ec1,GET,"Cookie:9d4bb4a09f511681369671a08beff228=f28280943223bf9dbfd9284c8045f799
Accept:text/css,*/*;q=0.1
User-Agent:Mozilla/5.0 (X11; Linux x86_64) AppleWebKit/537.36 (KHTML, like Gecko) Chrome/85.0.4183.102 Safari/537.36
Referer:http://web/installation/index.php
",cf83e1357eefb8bdf1542850d66d8007d620e4050b5715dc83f4a921d36ce9ce47d0d13c5d85f2b0ff8318d2877eec2f63b931bd47417a81a538327af927da3e,"Keep-Alive:timeout=5, max=100
Server:Apache/2.4.25 (Debian)
Connection:Keep-Alive
Last-Modified:Mon, 06 May 2019 20:34:16 GMT
Date:Mon, 11 May 2026 20:48:42 GMT
Accept-Ranges:bytes
ETag:""2386-5883e06252200-gzip""
Content-Encoding:gzip
Vary:Accept-Encoding
Content-Length:2217
Content-Type:text/css
",f9172062f164f5d88a28d10b09e77fa1e668489523273ee187185bf6e2a73a2fbd3cdc9665ada844856099b9490c4a61835555c96934888d1eb9a9620f36a38c,200
http://web/installation/template/css/template.css?7367cfbd6ae026658e4994edad8f7ec1,GET,"Cookie:9d4bb4a09f511681369671a08beff228=f28280943223bf9dbfd9284c8045f799
Accept:text/css,*/*;q=0.1
User-Agent:Mozilla/5.0 (X11; Linux x86_64) AppleWebKit/537.36 (KHTML, like Gecko) Chrome/85.0.4183.102 Safari/537.36
Referer:http://web/installation/index.php
",cf83e1357eefb8bdf1542850d66d8007d620e4050b5715dc83f4a921d36ce9ce47d0d13c5d85f2b0ff8318d2877eec2f63b931bd47417a81a538327af927da3e,"Keep-Alive:timeout=5, max=99
Server:Apache/2.4.25 (Debian)
Connection:Keep-Alive
Last-Modified:Mon, 06 May 2019 20:34:16 GMT
Date:Mon, 11 May 2026 20:48:42 GMT
Accept-Ranges:bytes
ETag:""15f2-5883e06252200-gzip""
Content-Encoding:gzip
Vary:Accept-Encoding
Content-Length:1722
Content-Type:text/css
",1519c822f513baa110c731fd3babe0719c1d75cc57a4cae4acc38075f1af3f9f842ba5979d24735049971fa6fb3022dfa1ebbdd3c7861111f4506ba3517cf77e,200
